MCode,Dept,MType,Machine,SeqNo,MaintNo,DeptCode,InstDept,Machine_Group,Usage_Type,Stopdate,Level,Url,Hp,Phase
1101WH,คลังวัตถุดิบ,เครื่องผ่าไม้,เครื่องผ่าไม้ 1,1,11,WH,แผนกคลังวัตถุดิบ,WSA,เครื่องจักรผลิต,,3,https://drive.google.com/file/d/1lxDxQs1pQD3qMNggpx8pl5oOrZBHdO0v/view?usp=drivesdk,5,3
1102RW,เตรียมชิ้นส่วน,เครื่องผ่าไม้,เครื่องผ่าไม้ 2,2,11,RW,แผนกเตรียมวัตถุดิบ,WSA,เครื่องจักรผลิต,,3,https://drive.google.com/file/d/1pbaGRuGGpxvp7NWBzwL83MUI8ye-m3yk/view?usp=drivesdk,5,3
1103RW,เตรียมชิ้นส่วน,เครื่องผ่าไม้,เครื่องผ่าไม้ 3,3,11,RW,แผนกเตรียมวัตถุดิบ,WSA,เครื่องจักรผลิต,,3,https://drive.google.com/file/d/1Ocgcp1j3w8WgulVjzGIzQhXJ2fmyjCGI/view?usp=drivesdk,5,3
1201RW,เตรียมชิ้นส่วน,เครื่องชิด,เครื่องชิด 1,1,12,RW,แผนกเตรียมวัตถุดิบ,EBG,เครื่องจักรผลิต,,4,https://drive.google.com/file/d/1c8lwMiUm_JUXSyt52f4eaXT5jQYSl1n4/view?usp=drivesdk,5,3
1202RW,เตรียมชิ้นส่วน,เครื่องชิด,เครื่องชิด 2,2,12,RW,แผนกเตรียมวัตถุดิบ,EBG,เครื่องจักรผลิต,,4,https://drive.google.com/file/d/17IzMRO1lHYCyJoRb8c9UW10j4OV2RmBQ/view?usp=drivesdk,5,3
1301RW,เตรียมชิ้นส่วน,เครื่องไส 1 หน้า,เครื่องไส 1 หน้า 1,1,13,RW,แผนกเตรียมวัตถุดิบ,PL1,เครื่องจักรผลิต,,4,https://drive.google.com/file/d/1L-fbI7CUgYJxZ2JIhQLM2Ty6yDrfBhI5/view?usp=drivesdk,5,3
1302RW,เตรียมชิ้นส่วน,เครื่องไส 1 หน้า,เครื่องไส 1 หน้า 2,2,13,RW,แผนกเตรียมวัตถุดิบ,PL1,เครื่องจักรผลิต,,4,https://drive.google.com/file/d/1-lK4XpWPTjPjGf8QqAx70vTUvEo5E4r5/view?usp=drivesdk,5,3
1303CU,ขึ้นรูป,เครื่องไส 1 หน้า,เครื่องไส 1 หน้า 3,3,13,CU,แผนก ขึ้นรูป L2,PL1,เครื่องจักรผลิต,,4,https://drive.google.com/file/d/1KHHXoC_x8zsSglttSacELoo8JOua5L5P/view?usp=drivesdk,5,3
1401RW,เตรียมชิ้นส่วน,เครื่องไส 4 หน้า,เครื่องไส 4 หน้า,1,14,RW,แผนกเตรียมวัตถุดิบ,PL4,เครื่องจักรผลิต,,2,https://drive.google.com/file/d/1ZDkFuwFjlX482ADKXopLX7wpMxtxl1kU/view?usp=drivesdk,15,3
1501RW,เตรียมชิ้นส่วน,เครื่องตีฟันจอยซ์,เครื่องตีฟันจอยซ์ 1,1,15,RW,แผนกเตรียมวัตถุดิบ,FJC,เครื่องจักรผลิต,,3,https://drive.google.com/file/d/1wCtHmMigjAAgKuF02QUx5m5CvWGWkn_h/view?usp=drivesdk,7.5,3
1502RW,เตรียมชิ้นส่วน,เครื่องตีฟันจอยซ์,เครื่องตีฟันจอยซ์ 2,2,15,RW,แผนกเตรียมวัตถุดิบ,FJC,เครื่องจักรผลิต,,3,https://drive.google.com/file/d/1zjSH9JtgQqReafzrzal68OpODVDnK325/view?usp=drivesdk,7.5,3
1601RW,เตรียมชิ้นส่วน,เครื่องอัดฟันจอยซ์,เครื่องอัดฟันจอยซ์ 1,1,16,RW,แผนกเตรียมวัตถุดิบ,FJP,เครื่องจักรผลิต,,3,https://drive.google.com/file/d/143eboyLsaNbvcPAQInc1LBW-eGjBIS_I/view?usp=drivesdk,3,3
1602RW,เตรียมชิ้นส่วน,เครื่องอัดฟันจอยซ์,เครื่องอัดฟันจอยซ์ 2,2,16,RW,แผนกเตรียมวัตถุดิบ,FJP,เครื่องจักรผลิต,,3,https://drive.google.com/file/d/1zClVf0dsf5DZT461T-jPoeVcpUZ6GtAu/view?usp=drivesdk,3,3
1701CU,ขึ้นรูป,เครื่องลอดถ้ำ,เครื่องลอดถ้ำ 1,1,17,CU,แผนกขัดลอดถ้ำ,TTM,เครื่องจักรผลิต,,3,https://drive.google.com/file/d/1qIzZgeoZsspgw8pLVO_t1glQc8oiyx_k/view?usp=drivesdk,15,3
1702CU,ขึ้นรูป,เครื่องลอดถ้ำ,เครื่องลอดถ้ำ 2,2,17,CU,แผนกขัดลอดถ้ำ,TTM,เครื่องจักรผลิต,,3,https://drive.google.com/file/d/1PrhXfiLX_YqqCgAJq4fJtZFGYkJmclt/view?usp=drivesdk,15,3
1703CU,ขึ้นรูป,เครื่องลอดถ้ำ,เครื่องลอดถ้ำ 3,3,17,CU,แผนกขัดลอดถ้ำ,TTM,เครื่องจักรผลิต,,3,https://drive.google.com/file/d/1K1EG3bX61a0UbVfxWQ9jJHy-v9FC7Z6C/view?usp=drivesdk,15,3
1704CU,ขึ้นรูป,เครื่องลอดถ้ำ,เครื่องลอดถ้ำ 4,4,17,CU,แผนกขัดลอดถ้ำ,TTM,เครื่องจักรผลิต,,3,https://drive.google.com/file/d/1rbTWIIBlu38DZaZi3wIKyJCQXnQGU2Vg/view?usp=drivesdk,15,3
1705WH,คลังวัตถุดิบ,เครื่องลอดถ้ำ,เครื่องลอดถ้ำ 5,5,17,WH,แผนกเตรียมวีเนียร์,TTM,เครื่องจักรผลิต,,3,https://drive.google.com/file/d/1LeTFPwL8C5rBbrXwNnNFBLEle97u762V/view?usp=drivesdk,15,3
1801CU,ขึ้นรูป,เครื่องตัดอาร์มซอ,เครื่องตัดอาร์มซอ 1,1,18,CU,แผนก ขึ้นรูป S1,ASC,เครื่องจักรผลิต,,4,https://drive.google.com/file/d/1UjIAXfIlX1IR7nqeIToOA2aXvDeUNPt3/view?usp=drivesdk,3,3
1802WH,คลังวัตถุดิบ,เครื่องตัดอาร์มซอ,เครื่องตัดอาร์มซอ 2,2,18,WH,แผนกคลังวัตถุดิบ,ASC,เครื่องจักรผลิต,,4,https://drive.google.com/file/d/1JskQT4VXMKwBJoVhLBkaO9IwCnNw-fOg/view?usp=drivesdk,3,3
1803WH,คลังวัตถุดิบ,เครื่องตัดอาร์มซอ,เครื่องตัดอาร์มซอ 3,3,18,WH,แผนกคลังวัตถุดิบ,ASC,เครื่องจักรผลิต,,4,https://drive.google.com/file/d/1e2Uitgu1fXlVe2N6yKqam_479I21x7XA/view?usp=drivesdk,3,3
1804WH,คลังวัตถุดิบ,เครื่องตัดอาร์มซอ,เครื่องตัดอาร์มซอ 4,4,18,WH,แผนกคลังวัตถุดิบ,ASC,เครื่องจักรผลิต,,4,https://drive.google.com/file/d/1i9xJvUJQeIzEWTzx9y7PCvRiJS_gwz2R/view?usp=drivesdk,3,3
1901RW,เตรียมชิ้นส่วน,เครื่องตัด 2 หัว,เครื่องตัด 2 หัว 1,1,19,RW,แผนกเตรียมวัตถุดิบ,DHC,เครื่องจักรผลิต,,3,https://drive.google.com/file/d/1oM1BFcvNZhBxtM8R63eh9GG3HAWuuhMx/view?usp=drivesdk,6,3
1902RW,เตรียมชิ้นส่วน,เครื่องตัด 2 หัว,เครื่องตัด 2 หัว 2,2,19,RW,แผนกเตรียมวัตถุดิบ,DHC,เครื่องจักรผลิต,,3,https://drive.google.com/file/d/1BGe07O9UNKnjqZzTOv1q2xZQlvfCjtxu/view?usp=drivesdk,6,3
2001WH,คลังวัตถุดิบ,เครื่องตัดสไลด์ใหญ่,เครื่องตัดสไลด์ใหญ่ 1,1,20,WH,แผนกคลังวัตถุดิบ,LSS,เครื่องจักรผลิต,,3,https://drive.google.com/file/d/1HIDaleI9Za8ru5cyJcdyiwvRleY06-se/view?usp=drivesdk,7.5,3
2101CU,ขึ้นรูป,เครื่องตัด ปาด เจาะ,เครื่องตัด ปาด เจาะ 1,1,21,CU,แผนก ขึ้นรูป L1,CTD,เครื่องจักรผลิต,,3,https://drive.google.com/file/d/1YIiUZGMNVmoyMVjquNRr2qT0FXa5BZEI/view?usp=drivesdk,3.5,3
2102CU,ขึ้นรูป,เครื่องตัด ปาด เจาะ,เครื่องตัด ปาด เจาะ 2,2,21,CU,แผนก ขึ้นรูป L1,CTD,เครื่องจักรผลิต,,3,https://drive.google.com/file/d/16Cfq-b6vK5-07gd64rGHLyy2pz1W4_lY/view?usp=drivesdk,3.5,3
2201CU,ขึ้นรูป,เครื่องตัดสไลด์,เครื่องตัดสไลด์ 1,1,22,CU,แผนก ขึ้นรูป L1,STS,เครื่องจักรผลิต,,4,https://drive.google.com/file/d/1Tybv69F4NBSMx7pIpl8jKuC32_i5YWEl/view?usp=drivesdk,3,3
2202CU,ขึ้นรูป,เครื่องตัดสไลด์,เครื่องตัดสไลด์ 2,2,22,CU,แผนก ขึ้นรูป L1,STS,เครื่องจักรผลิต,,4,https://drive.google.com/file/d/1Ctx3EdoVoZ-WWf6fGqWFn5o1mT9fX1D7/view?usp=drivesdk,3,3
2203CU,ขึ้นรูป,เครื่องตัดสไลด์,เครื่องตัดสไลด์ 3,3,22,CU,แผนก ขึ้นรูป L1,STS,เครื่องจักรผลิต,,4,https://drive.google.com/file/d/1GbOKsjDyUELH2EvCS2pv55B3GvUKiwzi/view?usp=drivesdk,3,3
2204CU,ขึ้นรูป,เครื่องตัดสไลด์,เครื่องตัดสไลด์ 4,4,22,CU,แผนก ขึ้นรูป M1,STS,เครื่องจักรผลิต,,4,https://drive.google.com/file/d/1R-JSXNr25PBesa-r6kpTJl1cCFDkvptw/view?usp=drivesdk,3,3
2205CU,ขึ้นรูป,เครื่องตัดสไลด์,เครื่องตัดสไลด์ 5,5,22,CU,แผนก ขึ้นรูป L1,STS,เครื่องจักรผลิต,,4,https://drive.google.com/file/d/19Xq6nbSmQSaUVjdWW_eMAjCu1l1wxT2o/view?usp=drivesdk,3,3
2206CU,ขึ้นรูป,เครื่องตัดสไลด์,เครื่องตัดสไลด์ 6,6,22,CU,แผนกคลังวัตถุดิบ,STS,เครื่องจักรผลิต,,4,https://drive.google.com/file/d/19DPawGWgHjGZ4I6hvUv98ip8xFLHzW-S/view?usp=drivesdk,3,3
2207RD,R&D,เครื่องตัดสไลด์,เครื่องตัดสไลด์ 7,7,22,RD,แผนกRD,STS,เครื่องจักรผลิต,,4,https://drive.google.com/file/d/1EJBrlKvj0qVeZ5-Ft_njIecEusHx4Y2j/view?usp=drivesdk,3,3
2208PS,อัดวีเนียร์,เครื่องตัดสไลด์,เครื่องตัดสไลด์ 8,8,22,PS,แผนกเตรียมวัตถุดิบ,STS,เครื่องจักรผลิต,,4,https://drive.google.com/file/d/1LAd_g7Z27b6E6p-rZSvbnJCKZqkc2wwa/view?usp=drivesdk,3,3
2301RW,เตรียมชิ้นส่วน,เครื่องลิบไม้,เครื่องลิบไม้ 1,1,23,RW,แผนกเตรียมวัตถุดิบ,RPS,เครื่องจักรผลิต,,2,https://drive.google.com/file/d/18_Pl8RDGe4KfybYIxfqxmjyx7ae7jkMg/view?usp=drivesdk,3,3
2401AS,ประกอบ,เครื่องตัดปรับขา,เครื่องตัดปรับขา 1,1,24,AS,แผนกประกอบ2,LAC,เครื่องจักรผลิต,,4,https://drive.google.com/file/d/1RclRPzVrqyy_tdDkwDcg94ZoeF44XInQ/view?usp=drivesdk,2,3
2402PK,แพ็คกิ้ง,เครื่องตัดปรับขา,เครื่องตัดปรับขา 2,2,24,PK,แผนกแพ็คกิ้ง,LAC,เครื่องจักรผลิต,,4,https://drive.google.com/file/d/1FLorFHoZUypuu5W8HCXrx6O4mOZ2xLyo/view?usp=drivesdk,2,3
2403PK,แพ็คกิ้ง,เครื่องตัดปรับขา,เครื่องตัดปรับขา 3,3,24,PK,แผนกแพ็คกิ้ง,LAC,เครื่องจักรผลิต,,4,https://drive.google.com/file/d/1cVzod98FWdqkQ7vgUvANsUAB3FRiNsYY/view?usp=drivesdk,2,3
2501CU,ขึ้นรูป,เครื่องเลื่อย,เครื่องเลื่อย 1,1,25,CU,แผนก ขึ้นรูป L2,SAW,เครื่องจักรผลิต,,4,https://drive.google.com/file/d/1NAJCyNZ00sKfSdFOzZh6CVikC3avh_dt/view?usp=drivesdk,2,3
2502CU,ขึ้นรูป,เครื่องเลื่อย,เครื่องเลื่อย 2,2,25,CU,แผนก ขึ้นรูป L2,SAW,เครื่องจักรผลิต,,4,https://drive.google.com/file/d/1aD9dTxTqbz_aPEverZ8W3dVZoRPfEfZ0/view?usp=drivesdk,2,3
2503CU,ขึ้นรูป,เครื่องเลื่อย,เครื่องเลื่อย 3,3,25,CU,แผนก ขึ้นรูป L2,SAW,เครื่องจักรผลิต,,4,https://drive.google.com/file/d/1JXoPwAIHS_pQZ7pw1CVlopJiG7Ih9KsS/view?usp=drivesdk,2,3
2504RD,R&D,เครื่องเลื่อย,เครื่องเลื่อย 4,4,25,RD,แผนกRD,SAW,เครื่องจักรผลิต,,4,https://drive.google.com/file/d/1EexPrkYdfKJTb3IvHM8t6e4547b6clMS/view?usp=drivesdk,2,3
2505WH,คลังวัตถุดิบ,เครื่องเลื่อย,เครื่องเลื่อย 5,5,25,WH,แผนกคลังวัตถุดิบ,SAW,เครื่องจักรผลิต,,4,https://drive.google.com/file/d/1gazMKNcrxcGshJol5tHUW6RTxGQvuMDa/view?usp=drivesdk,2,3
2506PK,แพ็คกิ้ง,เครื่องเลื่อย,เครื่องเลื่อย 6,6,25,PK,แผนกงานเบาะ,SAW,เครื่องจักรผลิต,,4,https://drive.google.com/file/d/1eBeRHEEegFVPbM23q4iSM3pzyvg9XbFY/view?usp=drivesdk,2,3
2601CU,ขึ้นรูป,เครื่องคัตเตอร์เพลาตั้ง,เครื่องคัตเตอร์เพลาตั้ง 1,1,26,CU,แผนก ขึ้นรูป L1,SMD,เครื่องจักรผลิต,,4,https://drive.google.com/file/d/1HKrHha9JUiQFqXSEwVfir4yJ4sW-WPle/view?usp=drivesdk,5,3
2602CU,ขึ้นรูป,เครื่องคัตเตอร์เพลาตั้ง,เครื่องคัตเตอร์เพลาตั้ง 2,2,26,CU,แผนก ขึ้นรูป L1,SMD,เครื่องจักรผลิต,,4,https://drive.google.com/file/d/1i3mnggaRHtfoomUBsqiT_7Tv7spCIzWP/view?usp=drivesdk,5,3
2603CU,ขึ้นรูป,เครื่องคัตเตอร์เพลาตั้ง,เครื่องคัตเตอร์เพลาตั้ง 3,3,26,CU,แผนก ขึ้นรูป L1,SMD,เครื่องจักรผลิต,,4,https://drive.google.com/file/d/1p332XoYI8xcbDIpd6ObbphG9J7Y2lPFb/view?usp=drivesdk,5,3
2604CU,ขึ้นรูป,เครื่องคัตเตอร์เพลาตั้ง,เครื่องคัตเตอร์เพลาตั้ง 4,4,26,CU,แผนก ขึ้นรูป M3,SMD,เครื่องจักรผลิต,,4,https://drive.google.com/file/d/1zi-40PFeF_7PxpRhQvWGKDb5WUKcX2vD/view?usp=drivesdk,5,3
2605CU,ขึ้นรูป,เครื่องคัตเตอร์เพลาตั้ง,เครื่องคัตเตอร์เพลาตั้ง 5,5,26,CU,แผนก ขึ้นรูป M2,SMD,เครื่องจักรผลิต,,4,https://drive.google.com/file/d/1GZOcphHObIWSbxe9BEM49Trs49HqeoRN/view?usp=drivesdk,5,3
2606CU,ขึ้นรูป,เครื่องคัตเตอร์เพลาตั้ง,เครื่องคัตเตอร์เพลาตั้ง 6,6,26,CU,แผนก ขึ้นรูป S1,SMD,เครื่องจักรผลิต,,4,https://drive.google.com/file/d/1AJzRgrdz8gtmYz9bAr3yzu10Kr8kLP5w/view?usp=drivesdk,5,3
2607CU,ขึ้นรูป,เครื่องคัตเตอร์เพลาตั้ง,เครื่องคัตเตอร์เพลาตั้ง 7,7,26,CU,แผนก ขึ้นรูป L1,SMD,เครื่องจักรผลิต,,4,https://drive.google.com/file/d/1KXs-ZtDagGoIh2qiajcjUBKnLd3g0RR-/view?usp=drivesdk,5,3
2608CU,ขึ้นรูป,เครื่องคัตเตอร์เพลาตั้ง,เครื่องคัตเตอร์เพลาตั้ง 8,8,26,CU,แผนก ขึ้นรูป L1,SMD,เครื่องจักรผลิต,,4,https://drive.google.com/file/d/1k_hr-9G5xMjfEKo-dvQMl9UDu1r12LIh/view?usp=drivesdk,5,3
2609CU,ขึ้นรูป,เครื่องคัตเตอร์เพลาตั้ง,เครื่องคัตเตอร์เพลาตั้ง 9,9,26,CU,แผนก ขึ้นรูป L1,SMD,เครื่องจักรผลิต,,4,https://drive.google.com/file/d/1cRjLPPNaVbTDk0YnE3_RGg5Gk6p0xORA/view?usp=drivesdk,5,3
2610CU,ขึ้นรูป,เครื่องคัตเตอร์เพลาตั้ง,เครื่องคัตเตอร์เพลาตั้ง 10,10,26,CU,แผนก ขึ้นรูป L1,SMD,เครื่องจักรผลิต,,4,https://drive.google.com/file/d/1AlyCQA72zoFEZamhnj__vEfY-R8PDYx_/view?usp=drivesdk,5,3
2611CU,ขึ้นรูป,เครื่องคัตเตอร์เพลาตั้ง,เครื่องคัตเตอร์เพลาตั้ง 11,11,26,CU,แผนก ขึ้นรูป L1,SMD,เครื่องจักรผลิต,,4,https://drive.google.com/file/d/1d6y-mF054W2CzTQGvPAH3yVDVj2HUwpW/view?usp=drivesdk,5,3
2612CU,ขึ้นรูป,เครื่องคัตเตอร์เพลาตั้ง,เครื่องคัตเตอร์เพลาตั้ง 12,12,26,CU,แผนก ขึ้นรูป L1,SMD,เครื่องจักรผลิต,,4,https://drive.google.com/file/d/1fkefZeAxZqGYzXr2Nuw861oIUVxruz4R/view?usp=drivesdk,5,3
2613RD,R&D,เครื่องคัตเตอร์เพลาตั้ง,เครื่องคัตเตอร์เพลาตั้ง 13,13,26,RD,แผนกRD,SMD,เครื่องจักรผลิต,,4,https://drive.google.com/file/d/1eJwHuOpQguCMHGUp7QhzbiZ6vIjC2u6t/view?usp=drivesdk,5,3
2614CU,ขึ้นรูป,เครื่องคัตเตอร์เพลาตั้ง,เครื่องคัตเตอร์เพลาตั้ง 14,14,26,CU,แผนก ขึ้นรูป L1,SMD,เครื่องจักรผลิต,,4,https://drive.google.com/file/d/1zJkAQh6vyCp3xYWxnZbKtccc3Qla2cTY/view?usp=drivesdk,5,3
2701CU,ขึ้นรูป,เครื่องเชปเปอร์,เครื่องเชปเปอร์ 1,1,27,CU,แผนก ขึ้นรูป L1,SHP,เครื่องจักรผลิต,,3,https://drive.google.com/file/d/1k8rg_ekuWFsrhb0spe2POyu6PEJokqlj/view?usp=drivesdk,7.5,3
2702CU,ขึ้นรูป,เครื่องเชปเปอร์,เครื่องเชปเปอร์ 2,2,27,CU,แผนก ขึ้นรูป L1,SHP,เครื่องจักรผลิต,,3,https://drive.google.com/file/d/1s1jbeuYse30RX2VVpvZ-l6Fjagpluu1c/view?usp=drivesdk,10,3
2801CU,ขึ้นรูป,เครื่องเราเตอร์,เครื่องเราเตอร์ 1,1,28,CU,แผนก ขึ้นรูป M2,RTR,เครื่องจักรผลิต,,4,https://drive.google.com/file/d/1RZ6dTP29QDONbJcZM4WposNdUAJtctns/view?usp=drivesdk,5,3
2802CU,ขึ้นรูป,เครื่องเราเตอร์,เครื่องเราเตอร์ 2,2,28,CU,แผนก ขึ้นรูป L1,RTR,เครื่องจักรผลิต,,4,https://drive.google.com/file/d/13VkT8yi-nL8O3IXqdz8i_G74kFRahgjf/view?usp=drivesdk,5,3
2803CU,ขึ้นรูป,เครื่องเราเตอร์,เครื่องเราเตอร์ 3,3,28,CU,แผนก ขึ้นรูป L1,RTR,เครื่องจักรผลิต,,4,https://drive.google.com/file/d/17vHlsXDHAZn7okctsajMa5KMkUXqzWBI/view?usp=drivesdk,5,3
2804CU,ขึ้นรูป,เครื่องเราเตอร์,เครื่องเราเตอร์ 4,4,28,CU,แผนก ขึ้นรูป L1,RTR,เครื่องจักรผลิต,,4,https://drive.google.com/file/d/1csgmKfhA39zH7gXVZnB_A_Ay3YT2NRWl/view?usp=drivesdk,5,3
2805CU,ขึ้นรูป,เครื่องเราเตอร์,เครื่องเราเตอร์ 5,5,28,CU,แผนก ขึ้นรูป L1,RTR,เครื่องจักรผลิต,,4,https://drive.google.com/file/d/1krohnY8JcH2eUaBWkYTyUVDqq4H3c2d1/view?usp=drivesdk,5,3
2806CU,ขึ้นรูป,เครื่องเราเตอร์,เครื่องเราเตอร์ 6,6,28,CU,แผนกขัดละเอียด 3,RTR,เครื่องจักรผลิต,,1,https://drive.google.com/file/d/1KMnAQjMJ79mBYNv7kCBJ3m4d9ogf4h0L/view?usp=drivesdk,5,3
2807CU,ขึ้นรูป,เครื่องเราเตอร์,เครื่องเราเตอร์ 7,7,28,CU,แผนก ขึ้นรูป L1,RTR,เครื่องจักรผลิต,,4,https://drive.google.com/file/d/1iBzneFpoJI--Y2Dpt4V1CWAymtCJ05MY/view?usp=drivesdk,5,3
2901CU,ขึ้นรูป,เครื่องเซาะ (สล๊อต),เครื่องเซาะ (สล๊อต) 1,1,29,CU,แผนก ขึ้นรูป L1,SLT,เครื่องจักรผลิต,,3,https://drive.google.com/file/d/1sbTjtLcfDebgIqVk-3Eo4jOnERrkTTVC/view?usp=drivesdk,6,3
2902CU,ขึ้นรูป,เครื่องเซาะ (สล๊อต),เครื่องเซาะ (สล๊อต) 2,2,29,CU,แผนก ขึ้นรูป M1,SLT,เครื่องจักรผลิต,,3,https://drive.google.com/file/d/1qwxq_WI3wvhiiZtNjyKqsN96luKjl60Z/view?usp=drivesdk,6,3
2903CU,ขึ้นรูป,เครื่องเซาะ (สล๊อต),เครื่องเซาะ (สล๊อต) 3,3,29,CU,แผนก ขึ้นรูป L1,SLT,เครื่องจักรผลิต,,3,https://drive.google.com/file/d/1vxkHCO8pt57MMzU0iECujx6kyv9zI2W9/view?usp=drivesdk,6,3
2904CU,ขึ้นรูป,เครื่องเซาะ (สล๊อต),เครื่องเซาะ (สล๊อต) 4,4,29,CU,แผนก ขึ้นรูป L1,SLT,เครื่องจักรผลิต,,3,https://drive.google.com/file/d/1g4tCnEDLETUNV29z_F78H-4Pric61Gi2/view?usp=drivesdk,6,3
3101CU,ขึ้นรูป,เครื่องกรอเดือย,เครื่องกรอเดือย 1,1,31,CU,,TTR,เครื่องจักรผลิต,,1,https://drive.google.com/file/d/1UlTjtquIgqCppoanJeX0IE2PolycCGwX/view?usp=drivesdk,5,3
3102CU,ขึ้นรูป,เครื่องกรอเดือย,เครื่องกรอเดือย 2,2,31,CU,แผนกRD,TTR,เครื่องจักรผลิต,,1,https://drive.google.com/file/d/1JPT5vOGERId1ULhSS9TcCC4VoVRnqUUT/view?usp=drivesdk,5,3
3103CU,ขึ้นรูป,เครื่องกรอเดือย,เครื่องกรอเดือย 3,3,31,CU,แผนก ขึ้นรูป M1,TTR,เครื่องจักรผลิต,,1,https://drive.google.com/file/d/1R1kEmfWcmh-7oYekeKjxWD5iZRPUAWGm/view?usp=drivesdk,5,3
3104CU,ขึ้นรูป,เครื่องกรอเดือย,เครื่องกรอเดือย 4,4,31,CU,แผนก ขึ้นรูป M4,TTR,เครื่องจักรผลิต,,1,https://drive.google.com/file/d/1AfkvMpEgMC5QUd-mmClzzHGpL9g2n20t/view?usp=drivesdk,5,3
3105RD,R&D,เครื่องกรอเดือย,เครื่องกรอเดือย 5,5,31,RD,แผนกRD,TTR,เครื่องจักรผลิต,,1,https://drive.google.com/file/d/16EIlCyRsNyfE9Dfx13VUXV9gzkwH--mX/view?usp=drivesdk,5,3
3106CU,ขึ้นรูป,เครื่องกรอเดือย,เครื่องกรอเดือย 6,6,31,CU,แผนก ขึ้นรูป L1,TTR,เครื่องจักรผลิต,,1,https://drive.google.com/file/d/14qa-lqVcdcdwfKF1fi3ZOjv39LMvguWj/view?usp=drivesdk,5,3
3107CU,ขึ้นรูป,เครื่องกรอเดือย,เครื่องกรอเดือย 7,7,31,CU,แผนก ขึ้นรูป L1,TTR,เครื่องจักรผลิต,,1,https://drive.google.com/file/d/1zeNqP6LUCqpKW3LtdVDkOgpOb22p8Bw4/view?usp=drivesdk,5,3
3108CU,ขึ้นรูป,เครื่องกรอเดือย,เครื่องกรอเดือย 8,8,31,CU,แผนก ขึ้นรูป M1,TTR,เครื่องจักรผลิต,,1,https://drive.google.com/file/d/1Bl-HLr_cycvgqu2wWs1B2BXXEkBoWkch/view?usp=drivesdk,5,3
3201CU,ขึ้นรูป,เครื่องเจาะตั้ง,เครื่องเจาะตั้ง 1,1,32,CU,แผนกขึ้นรูป CNC,VDR,เครื่องจักรผลิต,,4,https://drive.google.com/file/d/1pDggO1VIu-6nImEm4FQfOp8ouFZtOabX/view?usp=drivesdk,2,3
3202CU,ขึ้นรูป,เครื่องเจาะตั้ง,เครื่องเจาะตั้ง 2,2,32,CU,แผนก ขึ้นรูป L1,VDR,เครื่องจักรผลิต,,4,https://drive.google.com/file/d/1GL20n3Pa1cmM2ktJxLbPf3SvVnZburC6/view?usp=drivesdk,2,3
3203CU,ขึ้นรูป,เครื่องเจาะตั้ง,เครื่องเจาะตั้ง 3,3,32,CU,แผนก ขึ้นรูป L1,VDR,เครื่องจักรผลิต,,4,https://drive.google.com/file/d/1AHqKKTNo6MsG3oHFPWwAZ94aRui51q0A/view?usp=drivesdk,2,3
3204CU,ขึ้นรูป,เครื่องเจาะตั้ง,เครื่องเจาะตั้ง 4,4,32,CU,แผนก ขึ้นรูป M4,VDR,เครื่องจักรผลิต,,4,https://drive.google.com/file/d/1V_P83-pd8Bq7SqZIbPb-Csd2UGKrcVEl/view?usp=drivesdk,2,3
3205CU,ขึ้นรูป,เครื่องเจาะตั้ง,เครื่องเจาะตั้ง 5,5,32,CU,แผนก ขึ้นรูป L1,VDR,เครื่องจักรผลิต,,4,https://drive.google.com/file/d/1zVT-1Gn-DvFgbt-cWelAlsJeD1Fbte_l/view?usp=drivesdk,2,3
3206CU,ขึ้นรูป,เครื่องเจาะตั้ง,เครื่องเจาะตั้ง 6,6,32,CU,แผนก ขึ้นรูป L1,VDR,เครื่องจักรผลิต,,4,https://drive.google.com/file/d/13K8MfABGplK-Y_ou_8nDgLJsd0xl_ASQ/view?usp=drivesdk,2,3
3207CU,ขึ้นรูป,เครื่องเจาะตั้ง,เครื่องเจาะตั้ง 7,7,32,CU,แผนก ขึ้นรูป L1,VDR,เครื่องจักรผลิต,,4,https://drive.google.com/file/d/1K2MYGbarYZTVY5ER_MeR1m_Q4ij-SXJc/view?usp=drivesdk,2,3
3208CU,ขึ้นรูป,เครื่องเจาะตั้ง,เครื่องเจาะตั้ง 8,8,32,CU,แผนก ขึ้นรูป L1,VDR,เครื่องจักรผลิต,,4,https://drive.google.com/file/d/1gRjQ6GjnNTKr2VMbYCREdh1jylgmgs3Z/view?usp=drivesdk,2,3
3209CU,ขึ้นรูป,เครื่องเจาะตั้ง,เครื่องเจาะตั้ง 9,9,32,CU,แผนก ขึ้นรูป L1,VDR,เครื่องจักรผลิต,,4,https://drive.google.com/file/d/1ljDcbRspc_5An4IeyzYhNjhyiy4farlU/view?usp=drivesdk,2,3
3210CU,ขึ้นรูป,เครื่องเจาะตั้ง,เครื่องเจาะตั้ง 10,10,32,CU,แผนกขัดละเอียด 3,VDR,เครื่องจักรผลิต,,4,https://drive.google.com/file/d/1twFWg7-KH6z7CLs9IFl-azMSmyL-O26S/view?usp=drivesdk,2,3
3211CU,ขึ้นรูป,เครื่องเจาะตั้ง,เครื่องเจาะตั้ง 11,11,32,CU,แผนก ขึ้นรูป L1,VDR,เครื่องจักรผลิต,,4,https://drive.google.com/file/d/14Bt89CafB0K7DQVum5QM8uBwEdlzN-I-/view?usp=drivesdk,2,3
3212CU,ขึ้นรูป,เครื่องเจาะตั้ง,เครื่องเจาะตั้ง 12,12,32,CU,แผนกขัดละเอียด2,VDR,เครื่องจักรผลิต,,4,https://drive.google.com/file/d/1onhwdDBUHrNFNRgEh5Bk1TMEU8oQgFd4/view?usp=drivesdk,2,3
3213RD,R&D,เครื่องเจาะตั้ง,เครื่องเจาะตั้ง 13,13,32,RD,แผนกRD,VDR,เครื่องจักรผลิต,,4,https://drive.google.com/file/d/13PuDp5fNCs9l2MyPBGJ8dUOKIGYO25mQ/view?usp=drivesdk,2,3
3214RD,R&D,เครื่องเจาะตั้ง,เครื่องเจาะตั้ง 14,14,32,RD,แผนกRD,VDR,เครื่องจักรผลิต,,4,https://drive.google.com/file/d/1yJSySpXwo9Ji0IEJQ5Qg-Hwg5WptQUV-/view?usp=drivesdk,2,3
3215RD,R&D,เครื่องเจาะตั้ง,เครื่องเจาะตั้ง 15,15,32,RD,แผนกRD,VDR,เครื่องจักรผลิต,,4,https://drive.google.com/file/d/1S_Fq7pC3LrTxi9l_6MP4Mx0p1pAh8K7O/view?usp=drivesdk,2,3
3216RW,เตรียมชิ้นส่วน,เครื่องเจาะตั้ง,เครื่องเจาะตั้ง 16,16,32,RW,แผนกขัดละเอียด 3,VDR,เครื่องจักรผลิต,,4,https://drive.google.com/file/d/15sA1sqYgR3GLZkOQhxGdxoQypxqMMZMZ/view?usp=drivesdk,2,3
3217CU,ขึ้นรูป,เครื่องเจาะตั้ง,เครื่องเจาะตั้ง 17,17,32,CU,แผนกRD,VDR,เครื่องจักรผลิต,,4,https://drive.google.com/file/d/1OZr5ciuL8TPVidEns7EDPqeiiUKnnflJ/view?usp=drivesdk,2,3
3218CU,ขึ้นรูป,เครื่องเจาะตั้ง,เครื่องเจาะตั้ง 18,18,32,CU,แผนกประกอบ2,VDR,เครื่องจักรผลิต,,4,https://drive.google.com/file/d/1Pjh2KhdlIfgDuS26hihBdPRQoXnH5Y48/view?usp=drivesdk,2,3
3219CU,ขึ้นรูป,เครื่องเจาะตั้ง,เครื่องเจาะตั้ง 19,19,32,CU,แผนกขัดละเอียด1,VDR,เครื่องจักรผลิต,,4,https://drive.google.com/file/d/1uVcouyZ9T4W3ONt6O8onYsU-44RLyLwo/view?usp=drivesdk,2,3
3220AS,ประกอบ,เครื่องเจาะตั้ง,เครื่องเจาะตั้ง 20,20,32,AS,แผนกประกอบ1,VDR,เครื่องจักรผลิต,,4,https://drive.google.com/file/d/13Dig2Y81cKVxJqXGK3CizkI4yZCzLRzv/view?usp=drivesdk,2,3
3301CU,ขึ้นรูป,เครื่องเจาะนอน,เครื่องเจาะนอน 1,1,33,CU,,HBM,เครื่องจักรผลิต,,4,https://drive.google.com/file/d/1DBP1TsM0dXYAg-BwLh504xV9qF_DJ--Y/view?usp=drivesdk,2,3
3302CU,ขึ้นรูป,เครื่องเจาะนอน,เครื่องเจาะนอน 2,2,33,CU,แผนก ขึ้นรูป L1,HBM,เครื่องจักรผลิต,,4,https://drive.google.com/file/d/1IJwGPG_sbJXGyg0NDr6yHWe7I4i9Qekq/view?usp=drivesdk,2,3
3303CU,ขึ้นรูป,เครื่องเจาะนอน,เครื่องเจาะนอน 3,3,33,CU,แผนก ขึ้นรูป L1,HBM,เครื่องจักรผลิต,,4,https://drive.google.com/file/d/14Pk1uGm_AusI3W0eXdGoi1xaPgaCPhKH/view?usp=drivesdk,2,3
3304CU,ขึ้นรูป,เครื่องเจาะนอน,เครื่องเจาะนอน 4,4,33,CU,แผนก ขึ้นรูป L1,HBM,เครื่องจักรผลิต,,4,https://drive.google.com/file/d/1y1ZHIP6Kp3oAl3VgnKlEtKzqb_aKWG3w/view?usp=drivesdk,2,3
3305RD,R&D,เครื่องเจาะนอน,เครื่องเจาะนอน 5,5,33,RD,แผนกRD,HBM,เครื่องจักรผลิต,,4,https://drive.google.com/file/d/1b_NkRsDs63smcaMwl6iTx4J-V7rymMrt/view?usp=drivesdk,2,3
3306CU,ขึ้นรูป,เครื่องเจาะนอน,เครื่องเจาะนอน 6,6,33,CU,แผนก ขึ้นรูป L1,HBM,เครื่องจักรผลิต,,4,https://drive.google.com/file/d/1Uj2a8yJYxBK835pvTJNhXatM1RtK03KZ/view?usp=drivesdk,2,3
3307CU,ขึ้นรูป,เครื่องเจาะนอน,เครื่องเจาะนอน 7,7,33,CU,,HBM,เครื่องจักรผลิต,,4,https://drive.google.com/file/d/11JySq79Jrm0m4jdhK7zal7unZn11tIzz/view?usp=drivesdk,2,3
3308CU,ขึ้นรูป,เครื่องเจาะนอน,เครื่องเจาะนอน 8,8,33,CU,แผนก ขึ้นรูป M3,HBM,เครื่องจักรผลิต,,4,https://drive.google.com/file/d/19niP2IVX7FSBa4G5alaAudpherbkqmuY/view?usp=drivesdk,2,3
3401SA,ขัดละเอียด,เครื่องขัดตั้ง,เครื่องขัดตั้ง 1,1,34,SA,แผนกขัดละเอียด1,VTS,เครื่องจักรผลิต,,4,https://drive.google.com/file/d/1dBH0-JOZ4ZBTnBlY5vxnw_n_fEr2HK_b/view?usp=drivesdk,3,3
3402SA,ขัดละเอียด,เครื่องขัดตั้ง,เครื่องขัดตั้ง 2,2,34,SA,แผนกขัดละเอียด2,VTS,เครื่องจักรผลิต,,4,https://drive.google.com/file/d/13dh7rUXMbF0aCSrJiwiGhHbzMOieZFOl/view?usp=drivesdk,3,3
3403SA,ขัดละเอียด,เครื่องขัดตั้ง,เครื่องขัดตั้ง 3,3,34,SA,แผนกขัดละเอียด1,VTS,เครื่องจักรผลิต,,4,https://drive.google.com/file/d/1OIdqv85paOxr5uunvs6fyJ97B8ca2nhy/view?usp=drivesdk,3,3
3404SA,ขัดละเอียด,เครื่องขัดตั้ง,เครื่องขัดตั้ง 4,4,34,SA,แผนกขัดละเอียด1,VTS,เครื่องจักรผลิต,,4,https://drive.google.com/file/d/18DFD3MikxH2fNmt7z90hl2ITmYOtx0Ng/view?usp=drivesdk,3,3
3405SA,ขัดละเอียด,เครื่องขัดตั้ง,เครื่องขัดตั้ง 5,5,34,SA,แผนกขัดละเอียด1,VTS,เครื่องจักรผลิต,,4,https://drive.google.com/file/d/1wCH86wvE3_ada2D0LVM-VgxAjudXHVJk/view?usp=drivesdk,3,3
3406SA,ขัดละเอียด,เครื่องขัดตั้ง,เครื่องขัดตั้ง 6,6,34,SA,แผนก ขึ้นรูป L1,VTS,เครื่องจักรผลิต,,4,https://drive.google.com/file/d/1i7b1Y5GBlB9m5l1w5qL594sriy75mxi6/view?usp=drivesdk,3,3
3407SA,ขัดละเอียด,เครื่องขัดตั้ง,เครื่องขัดตั้ง 7,7,34,SA,แผนกขัดละเอียด1,VTS,เครื่องจักรผลิต,,4,https://drive.google.com/file/d/1cBCvJk2Miv0KLhWzWqbIiPCeL0XSv7bT/view?usp=drivesdk,3,3
3408SA,ขัดละเอียด,เครื่องขัดตั้ง,เครื่องขัดตั้ง 8,8,34,SA,แผนกขัดละเอียด1,VTS,เครื่องจักรผลิต,,4,https://drive.google.com/file/d/1so62ZG-iVslcQhemGQHXE0V-oe6msG2m/view?usp=drivesdk,3,3
3409SA,ขัดละเอียด,เครื่องขัดตั้ง,เครื่องขัดตั้ง 9,9,34,SA,แผนกขัดละเอียด2,VTS,เครื่องจักรผลิต,,4,https://drive.google.com/file/d/1Y2uez3BxI69hHNHZo8XTZ8YNuwYZmO8L/view?usp=drivesdk,3,3
3410RD,R&D,เครื่องขัดตั้ง,เครื่องขัดตั้ง 10,10,34,RD,แผนกRD,VTS,เครื่องจักรผลิต,,4,https://drive.google.com/file/d/1IglyX25vcI9gdkI8iSWEePVLfxyWm2sg/view?usp=drivesdk,3,3
3411SA,ขัดละเอียด,เครื่องขัดตั้ง,เครื่องขัดตั้ง 11,11,34,SA,แผนกขัดละเอียด 3,VTS,เครื่องจักรผลิต,,4,https://drive.google.com/file/d/1rt1b6p1-KOwLrWKL8hffxaVROLrE884Q/view?usp=drivesdk,3,3
3412SA,ขัดละเอียด,เครื่องขัดตั้ง,เครื่องขัดตั้ง 12,12,34,SA,,VTS,เครื่องจักรผลิต,,4,https://drive.google.com/file/d/1icxDt6QyIdxKgRdSlb9vmtHNjL29OAfN/view?usp=drivesdk,3,3
3501SA,ขัดละเอียด,เครื่องขัดสปองค์,เครื่องขัดสปองค์ 1,1,35,SA,แผนกขัดละเอียด1,SPS,เครื่องจักรผลิต,,4,https://drive.google.com/file/d/1Dif9w7_iMTOSscySoIrV-LsRfI3hskoh/view?usp=drivesdk,2,3
3502SA,ขัดละเอียด,เครื่องขัดสปองค์,เครื่องขัดสปองค์ 2,2,35,SA,แผนกขัดละเอียด2,SPS,เครื่องจักรผลิต,,4,https://drive.google.com/file/d/10CnAloonGnLMql0m8-8qZB_Jp6DQMd4F/view?usp=drivesdk,2,3
3503SA,ขัดละเอียด,เครื่องขัดสปองค์,เครื่องขัดสปองค์ 3,3,35,SA,แผนกขัดละเอียด1,SPS,เครื่องจักรผลิต,,4,https://drive.google.com/file/d/10RkH-6BINKzU_hMBr1ySnHKj_hKcFmUl/view?usp=drivesdk,2,3
3504SA,ขัดละเอียด,เครื่องขัดสปองค์,เครื่องขัดสปองค์ 4,4,35,SA,แผนกขัดละเอียด 3,SPS,เครื่องจักรผลิต,,4,https://drive.google.com/file/d/1KsRUpy8si-6Zs9IfUn3FN10ruvWHlbeE/view?usp=drivesdk,2,3
3505SA,ขัดละเอียด,เครื่องขัดสปองค์,เครื่องขัดสปองค์ 5,5,35,SA,แผนกขัดละเอียด1,SPS,เครื่องจักรผลิต,,4,https://drive.google.com/file/d/1Q6B3cCsaKCg2A62ronDClVz9U_0KK6gZ/view?usp=drivesdk,2,3
3506SA,ขัดละเอียด,เครื่องขัดสปองค์,เครื่องขัดสปองค์ 6,6,35,SA,แผนกขัดละเอียด1,SPS,เครื่องจักรผลิต,,4,https://drive.google.com/file/d/1lJSpahzkA_lEqVz0eYwFzeI8AhxV80FB/view?usp=drivesdk,2,3
3507SA,ขัดละเอียด,เครื่องขัดสปองค์,เครื่องขัดสปองค์ 7,7,35,SA,แผนกขัดละเอียด1,SPS,เครื่องจักรผลิต,,4,https://drive.google.com/file/d/18OITX-kbprNvnp979KBMo4808-u35MPB/view?usp=drivesdk,2,3
3508SA,ขัดละเอียด,เครื่องขัดสปองค์,เครื่องขัดสปองค์ 8,8,35,SA,แผนกขัดละเอียด1,SPS,เครื่องจักรผลิต,,4,https://drive.google.com/file/d/1SBqilat8o552Ljl9fcuINa_8dAy_SJyt/view?usp=drivesdk,2,3
3509SA,ขัดละเอียด,เครื่องขัดสปองค์,เครื่องขัดสปองค์ 9,9,35,SA,แผนกขัดละเอียด1,SPS,เครื่องจักรผลิต,,4,https://drive.google.com/file/d/1JvvoIYtXk8jRRsra8mM9YMzMqIljQg7K/view?usp=drivesdk,2,3
3510SA,ขัดละเอียด,เครื่องขัดสปองค์,เครื่องขัดสปองค์ 10,10,35,SA,แผนกขัดละเอียด1,SPS,เครื่องจักรผลิต,,4,https://drive.google.com/file/d/1zf_9jog8ySDvJ6pIS7VbVVFpHiV653Ov/view?usp=drivesdk,2,3
3511SA,ขัดละเอียด,เครื่องขัดสปองค์,เครื่องขัดสปองค์ 11,11,35,SA,แผนกขัดละเอียด1,SPS,เครื่องจักรผลิต,,4,https://drive.google.com/file/d/11sYhsCwtgpQ4vOonZf64Bn5Qozu5c0lH/view?usp=drivesdk,2,3
3512SA,ขัดละเอียด,เครื่องขัดสปองค์,เครื่องขัดสปองค์ 12,12,35,SA,แผนกขัดละเอียด2,SPS,เครื่องจักรผลิต,,4,https://drive.google.com/file/d/1Zk_jmoqss0ZAu10fiNgGyAIW5txBNP6K/view?usp=drivesdk,2,3
3513SA,ขัดละเอียด,เครื่องขัดสปองค์,เครื่องขัดสปองค์ 13,13,35,SA,แผนกขัดละเอียด1,SPS,เครื่องจักรผลิต,,4,https://drive.google.com/file/d/1NdQbnK28WNhcfyHO-0tjFCXfgOTg6GDM/view?usp=drivesdk,2,3
3514SA,ขัดละเอียด,เครื่องขัดสปองค์,เครื่องขัดสปองค์ 14,14,35,SA,แผนกขัดละเอียด1,SPS,เครื่องจักรผลิต,,4,https://drive.google.com/file/d/1ZWrSZGw9KPJZqxak-UG9H5Vms4lfbk4m/view?usp=drivesdk,2,3
3515SA,ขัดละเอียด,เครื่องขัดสปองค์,เครื่องขัดสปองค์ 15,15,35,SA,แผนกขัดละเอียด1,SPS,เครื่องจักรผลิต,,4,https://drive.google.com/file/d/1nbTZqqN4oNehl1xqDf55a_t3C2b5SQJE/view?usp=drivesdk,2,3
3516RD,R&D,เครื่องขัดสปองค์,เครื่องขัดสปองค์ 16,16,35,RD,แผนกRD,SPS,เครื่องจักรผลิต,,4,https://drive.google.com/file/d/1dAR5busozUzbGvMo-Xig4bArRfreRH9-/view?usp=drivesdk,2,3
3517RD,R&D,เครื่องขัดสปองค์,เครื่องขัดสปองค์ 17,17,35,RD,แผนกขัดละเอียด 3,SPS,เครื่องจักรผลิต,,4,https://drive.google.com/file/d/1asa0WklO7AAWX5WKpaJ4XckBwUWgsIS2/view?usp=drivesdk,2,3
3518PS,อัดวีเนียร์,เครื่องขัดสปองค์,เครื่องขัดสปองค์ 18,18,35,PS,แผนกอัดวีเนียร์,SPS,เครื่องจักรผลิต,,4,https://drive.google.com/file/d/1HrU2-MZjI7SF-UmWiOks2l1flU7pwPIq/view?usp=drivesdk,2,3
3519SA,ขัดละเอียด,เครื่องขัดสปองค์,เครื่องขัดสปองค์ 19,19,35,SA,แผนกขัดละเอียด 3,SPS,เครื่องจักรผลิต,,4,https://drive.google.com/file/d/1UZPen37uS2pJbb193pmfs1mOfZS__IcN/view?usp=drivesdk,2,3
3520SA,ขัดละเอียด,เครื่องขัดสปองค์,เครื่องขัดสปองค์ 20,20,35,SA,แผนกขัดละเอียด1,SPS,เครื่องจักรผลิต,,4,https://drive.google.com/file/d/13s06XNQ0X9tF8c4hStcKT8ffHcM6RhBw/view?usp=drivesdk,2,3
3521SA,ขัดละเอียด,เครื่องขัดสปองค์,เครื่องขัดสปองค์ 21,21,35,SA,แผนกขัดละเอียด1,SPS,เครื่องจักรผลิต,,4,https://drive.google.com/file/d/1_CzuosZ5EKiS7h0IKYdmPnf4eToO81RV/view?usp=drivesdk,2,3
3522SA,ขัดละเอียด,เครื่องขัดสปองค์,เครื่องขัดสปองค์ 22,22,35,SA,แผนกขัดละเอียด1,SPS,เครื่องจักรผลิต,,4,https://drive.google.com/file/d/10TbGfKe72MQnfYioqIQhLMyceZLnZurR/view?usp=drivesdk,2,3
3523SA,ขัดละเอียด,เครื่องขัดสปองค์,เครื่องขัดสปองค์ 23,23,35,SA,แผนกขัดละเอียด1,SPS,เครื่องจักรผลิต,,4,https://drive.google.com/file/d/1O0A--Ss-r6AgiFRVSl_9lwuQoCjV9Hfm/view?usp=drivesdk,2,3
3524SA,ขัดละเอียด,เครื่องขัดสปองค์,เครื่องขัดสปองค์ 24,24,35,SA,แผนกขัดละเอียด1,SPS,เครื่องจักรผลิต,,4,https://drive.google.com/file/d/1_lXzl0aXJwk71eCMv5kZ8ueRnVXsTG5L/view?usp=drivesdk,2,3
3601SA,ขัดละเอียด,เครื่องขัดนอน,เครื่องขัดนอน,1,36,SA,แผนกขัดละเอียด2,HSN,เครื่องจักรผลิต,,4,https://drive.google.com/file/d/1KXJ-wNawI_xoOcg7zcs7jNBdG22DzJ6h/view?usp=drivesdk,3,3
3701SA,ขัดละเอียด,เครื่องขัดแปรง,เครื่องขัดแปรง,1,37,SA,แผนกขัดละเอียด 3,BSM,เครื่องจักรผลิต,,4,https://drive.google.com/file/d/1o_YFW3iF_j6vSt5Uv7ylHX-VK8rSOJos/view?usp=drivesdk,3,3
3801SA,ขัดละเอียด,เครื่องขัดไม้กลม,เครื่องขัดไม้กลม 1,1,38,SA,แผนกขัดละเอียด1,RWS,เครื่องจักรผลิต,,3,https://drive.google.com/file/d/1r993hpSDSjXb58btzLfqBpgJL2M-rJvQ/view?usp=drivesdk,3,3
3802SA,ขัดละเอียด,เครื่องขัดไม้กลม,เครื่องขัดไม้กลม 2,2,38,SA,แผนกขัดละเอียด1,RWS,เครื่องจักรผลิต,,3,https://drive.google.com/file/d/1wHIZixApW7VVFUsMXn7oXvFlqTaCngbL/view?usp=drivesdk,3,3
3901AS,ประกอบ,เครื่องบดเดือย,เครื่องบดเดือย 1,1,39,AS,แผนกย้อม,TGR,เครื่องจักรผลิต,,2,https://drive.google.com/file/d/1e6ifnKbvmhSVZtPgmsVsU0pISYIP-2hA/view?usp=drivesdk,1,3
3902AS,ประกอบ,เครื่องบดเดือย,เครื่องบดเดือย 2,2,39,AS,แผนกย้อม,TGR,เครื่องจักรผลิต,,2,https://drive.google.com/file/d/1W7QePCupVtwww7fU0Rz4wqG7lcQJNE3Y/view?usp=drivesdk,1,3
4101AS,ประกอบ,เครื่องอัดจั่วประกอบ,เครื่องอัดจั่วประกอบ,1,41,AS,,GAP,เครื่องจักรผลิต,,4,https://drive.google.com/file/d/1l_02Zr92wmWvOuB7DM8kON5IQrkNCKE3/view?usp=drivesdk,-,-
4201AS,ประกอบ,เครื่องอัดประกอบนอน,เครื่องอัดประกอบนอน 1,1,42,AS,แผนกประกอบ1,HAS,เครื่องจักรผลิต,,4,https://drive.google.com/file/d/1EwLBMVv88IQWk5jOZORLRV9CKk4wDpan/view?usp=drivesdk,-,-
4202AS,ประกอบ,เครื่องอัดประกอบนอน,เครื่องอัดประกอบนอน 2,2,42,AS,แผนกประกอบ1,HAS,เครื่องจักรผลิต,,4,https://drive.google.com/file/d/1sMZ2mfekFA565NZl-Z6YGovZtAHpFB-o/view?usp=drivesdk,-,-
